id;client_user_name;client_password;mm_subscriber_id;service_name;receipt_no;first_name;middle_name;last_name;request_ref_id;mobile_number;time_stamp;date_of_birth;id_type;id_number;effecitve_date;expiry_date
1;Technician Global Cambridgeshire;copying Paradigm;capacitor;Keyboard Beauty;payment Frozen Borders;Matt;Fundamental;MacGyver;open-source Internal Clothing;holistic South Carolina capacitor;transmit Customer;2020-01-22;Refined;56795;2020-01-22;2020-01-21
2;Pants;cyan Alaska;Awesome Botswana compress;array;Licensed Concrete Bike Car;Kendrick;parse;Kessler;Zambian Kwacha;Books tan;mobile frame;2020-01-22;deliver Camp;79654;2020-01-22;2020-01-21
3;invoice primary;ivory adapter;Baby synthesizing;Up-sized;invoice;Carmelo;Small cross-platform;Goodwin;internet solution;dynamic Strategist;Tools next-generation Tasty;2020-01-21;National compelling SCSI;15741;2020-01-21;2020-01-21
4;cultivate alarm Buckinghamshire;Terrace Movies;protocol;Managed vortals;deliverables;Jaeden;cross-platform Integration pink;Will;California input models;Tunisian Dinar Street;back-end;2020-01-21;Multi-lateral Steel;91183;2020-01-22;2020-01-22
5;Liaison;calculate;PCI Montana Administrator;Internal syndicate;payment Causeway Buckinghamshire;Harmon;EXE;Kris;Planner Cape Verde Escudo;Mouse deposit;West Virginia Hill granular;2020-01-22;Small Fresh Shoes portals Borders;3012;2020-01-22;2020-01-21
6;lime payment;Yemeni Rial Executive Strategist;Sausages holistic;synthesize Chair;bricks-and-clicks connect;Lilly;Outdoors;Gerhold;compelling monitor Cambridgeshire;Legacy;Factors;2020-01-22;wireless Implementation;61538;2020-01-22;2020-01-21
7;Organic;Incredible Wooden Soap Wyoming Operative;action-items connecting productize;Plastic FTP;Licensed wireless Junctions;Corrine;Cotton Implemented;Powlowski;synergy Compatible;proactive;Car;2020-01-22;Gabon azure Colorado;74116;2020-01-22;2020-01-22
8;Manager enhance driver;Massachusetts;RSS;web-readiness Georgia;cross-platform;Esta;Christmas Island;Cremin;infomediaries;Liaison;Human Berkshire auxiliary;2020-01-21;generating TCP;74928;2020-01-22;2020-01-21
9;Licensed Metal Ball West Virginia navigate;Supervisor ADP;International;Borders Ball forecast;Florida;Gerson;withdrawal;Grady;Czech Koruna;architecture mobile transmitter;Incredible;2020-01-22;content grey;50742;2020-01-22;2020-01-21
10;Baby Ball;utilize;Idaho B2C;Oklahoma Organic;transitional bus e-business;Gilbert;revolutionary mobile;Mayer;synthesize Liechtenstein;Upgradable Specialist transmitting;Communications Marshall Islands Cambridgeshire;2020-01-22;mint green data-warehouse;25867;2020-01-22;2020-01-22
